{
    "airAcceleration": 5.0,
    "characterSpeed": 12.211999893188477,
    "gravity": -9.562999725341797,
    "groundAcceleration": 20.0,
    "jumpCooldownDuration": 1.5219999551773071,
    "jumpStrength": 50.0,
    "maxJumpHeight": 7.574999809265137,
    "maxWalkingSpeed": 7.0,
    "minJumpHeight": 5.238999843597412
}