{
    "characterSpeed": 7.145999908447266,
    "gravity": -9.130999565124512
}