{
    "characterSpeed": 9.829999923706055,
    "gravity": -15.085000038146973
}