{
    "characterSpeed": 11.190999984741211,
    "gravity": -29.829999923706055
}